,Unnamed: 0,url,price,price_deal,product_name,rating,review,amazon_choice,stock_info,asin,ranking,date_since,review_text,sentiment_star
0,0,https://www.amazon.es/Barra-Sonido-Samsung-HW-Q60T-inal%C3%A1mbrico/dp/B083VH82MJ,,Not in offer,"Barra de Sonido SAMSUNG HW-Q60T - Sonido 360W, 5.1Ch, Subwoofer inalámbrico, Dolby Digital 5.1, DTS Virtual:X, Q-Symphony y Tecnología Acoustic Beam",4,6,No,Disponible a través de estos vendedores.,,,,"A salido muy malo el subbofer solo hace ruidos ,15 dias y ya esta en el técnico para reparar Un bel film non è un bel film se l’audio non è ottimo. E io di film ne guardo molti… So di aver aspettato un po’ per decidermi, ma volevo qualcosa di qualità e questa combo soundbar + subwoofer di Samsung, sulla carta mi ha convinto subito, ma anche all’opera…La soundbar HW-Q60T è arrivata in un pack molto Samsung: blu e bianco, forma inaspettata ma funzionale per gestire i due pezzi senza sprechi e in sicurezza. Me l’aspettavo più leggero, ma poi, una volta separati, sono entrambi i pezzi del peso giusto.Il pacco arriva completo di: soundbar, subwoofer, telecomando con batterie, cavi e alimentatori, staffe per il montaggio a muro della soundbar, manuale di istruzioni (multilingua e snello).Ho posizionato la soundbar davanti al televisore e il subwoofer di fianco al divano, in modo avere un equilibrio perfetto.Soundbar e subwoofer sono davvero semplicissimi da configurare, questo per me è già un grande punto a favore di Samsung: non amo le cose complicate, meno passaggi ci sono da fare, meno cavi da collegare, meno cose su cui smanettare, meglio è. Ho collegato la soundbar al televisore tramite l’uscita HDMI e l’ho accesa. L’ho poi spenta, ho attaccato l’alimentatore al subwoofer, l’ho acceso e ho riacceso la soundbar. Tutto pronto per essere utilizzato.Il secondo punto a favore di Samsung è per l’estetica e i materiali: entrambi i pezzi sono lineari, minimali ed eleganti. La soundbar (dimensioni 980.0 x 58.0 x 105.0 mm) è nera, con corpo in legno e una griglia sulla parte superiore con i pulsanti essenziali. Per collegare i cavi c’è un incavo che permette di nascondere i vari allacci. Il subwoofer (dimensioni 181.5 x 343.0 x 272.0 mm) ha l’aria di essere bello solido, è nero opaco, con foro d’uscita lucido e un pannello in tessuto morbido sul lato più grande.L’utilizzo cambia completamente la fruizione dei film: l’effetto surround ti fa sentire davvero come al cinema. Il sistema Samsung Acoustic Beam fa muovere il suono in sincronia con i movimenti sullo schermo, così da avere un’esperienza davvero coinvolgente e immersiva. Inoltre, la soundbar analizza il segnale audio per ottimizzare ogni scena: la tecnologia Adaptive Sound mi permette di avere dialoghi nitidi e il giusto equilibrio quando ci sono rumori o musiche di sottofondo, senza perdermi nessun dettaglio.Un altro punto a favore di questo impianto è che posso espanderlo con altri elementi. Non che sia necessario… ma se volessi aggiungere qualcosa, il processo di configurazione sarebbe davvero semplice come quello seguito al momento dell’istallazione.Ho avuto modo di testare velocemente la modalità Game Mode Pro con la xbox e mi sembrava di essere dentro lo schermo. Sicuramente da riprovare con calma, per le giocate più lunghe.Sono molto soddisfatto di questo acquisto e quando si tratta di audio sono davvero esigente! Prodotto semplice da installare e performante.Ottimo rapporto qualità prezzoAdatto soprattutto per i Qled samsung dal 2017 in poi",4.0
1,1,https://www.amazon.es/Barra-Sonido-Samsung-HW-T450-Inal%C3%A1mbrico/dp/B083VGN1CY,"169,15",Not in offer,"Samsung HW-T450 - Barra de Sonido, Sonido 200W, 2.1Ch, Subwoofer Inalámbrico, Dolby Digital 2.1, Modo Juego, Bluetooth 4.2 Power On y One Remote Control, versión 2020","4,2",32,Yes,En stock,,,,"La recomiendo. Buen sonido y fácil uso. Tengo otra de la misma marca que cuesta 3 veces más.  Necesitaba otra para una habitación, más barata y que diera buenas prestaciones y de la misma marca que la TV, porque entonces con un solo mando lo haces todo.Esta está muy bien, cuando la conectas el cambio de sonido es espectacular y como barra de sonido da perfectamente su función.Primero la instalé en una sala de estar bastante amplia y cumplia perfectamente su función.Si tu nivel de exigencia es el normal, y no entiendes mucho de matices en los bajos, en los medios y lo altos, esta te servirá perfectamente. Al cabo de 2 días de comprarla, bajo de precio 20 euros. Descontento por eso pues si hubiera pasado más tiempo hubiera entendido que se trataba de una promoción, pero solo 2 días después me parece poco tiempo el transcurrido. No la devolví pues ya la tenía instalada. De momento no puedo decir que bien pues no funciona correctamente y no sé que hacer Ok just ok Preso a prezzo scontato, fa il suo lavoro, è un piacere adesso vedere i film con questa Soundbar. Suono pulito e buoni bassi. E' anche possibile collegare qualsiasi dispositivo bluetooth per esempio uno smartphone. Il subwoofer si collega solo tramite cavo ma poco male, a questo prezzo ci può stare. Soundbar compatta e audio molto potente e con Bluetooth, certo non siamo a livello di altri modelli più costosi, ma per essere Samsung, a questo prezzo è davvero ottima! L'unica pecca, almeno per me, è che non ha l'ingresso HDMI. Für diesen Preis finde ich die Soundbar super. Ich kaufte das Teil für meine, leicht schwerhörige Mutter. Sie versteht jetzt den TV besser ohne die Lautstärke zu erhöhen. Der Anschluss erfolgte an Samsung-TV per optisches Kabel ( war nicht im Lieferumfang )ganz einfach wie plug and play. Gefallen hat mir die Optik, da die Soundbar unter den Fernseher passt. Missfallen hat mir, dass die Bedienungsleitung in allen europäischen Sprachen geschrieben ist, nur nicht in deutsch. Bei einer Fehlerbehebung kann man nicht reagieren. Deshalb ist das ein großer Makel. articolo come da descrizione. affidabilità del marchio samsung. tutto perfettamente funzionante e qualità audio buona",4.0
2,2,https://www.amazon.es/Barra-Sonido-Samsung-HW-T550-Multiconexi%C3%B3n/dp/B083VJRNTJ,"255,75",Not in offer,"Barra de Sonido Samsung HW-T550 - Sonido 320W, 2.1Ch, Subwoofer Inalámbrico, Dolby Digital 2.1, DTS Virtual:X, Modo Juego, Bluetooth 4.2 Multiconexión y One Remote Control","4,2",32,No,Este producto saldrá a la venta el 3 de marzo de 2021.Cómpralo en preventa ya.,,,,"La recomiendo. Buen sonido y fácil uso. Tengo otra de la misma marca que cuesta 3 veces más.  Necesitaba otra para una habitación, más barata y que diera buenas prestaciones y de la misma marca que la TV, porque entonces con un solo mando lo haces todo.Esta está muy bien, cuando la conectas el cambio de sonido es espectacular y como barra de sonido da perfectamente su función.Primero la instalé en una sala de estar bastante amplia y cumplia perfectamente su función.Si tu nivel de exigencia es el normal, y no entiendes mucho de matices en los bajos, en los medios y lo altos, esta te servirá perfectamente. Al cabo de 2 días de comprarla, bajo de precio 20 euros. Descontento por eso pues si hubiera pasado más tiempo hubiera entendido que se trataba de una promoción, pero solo 2 días después me parece poco tiempo el transcurrido. No la devolví pues ya la tenía instalada. De momento no puedo decir que bien pues no funciona correctamente y no sé que hacer Ok just ok Preso a prezzo scontato, fa il suo lavoro, è un piacere adesso vedere i film con questa Soundbar. Suono pulito e buoni bassi. E' anche possibile collegare qualsiasi dispositivo bluetooth per esempio uno smartphone. Il subwoofer si collega solo tramite cavo ma poco male, a questo prezzo ci può stare. Soundbar compatta e audio molto potente e con Bluetooth, certo non siamo a livello di altri modelli più costosi, ma per essere Samsung, a questo prezzo è davvero ottima! L'unica pecca, almeno per me, è che non ha l'ingresso HDMI. Für diesen Preis finde ich die Soundbar super. Ich kaufte das Teil für meine, leicht schwerhörige Mutter. Sie versteht jetzt den TV besser ohne die Lautstärke zu erhöhen. Der Anschluss erfolgte an Samsung-TV per optisches Kabel ( war nicht im Lieferumfang )ganz einfach wie plug and play. Gefallen hat mir die Optik, da die Soundbar unter den Fernseher passt. Missfallen hat mir, dass die Bedienungsleitung in allen europäischen Sprachen geschrieben ist, nur nicht in deutsch. Bei einer Fehlerbehebung kann man nicht reagieren. Deshalb ist das ein großer Makel. articolo come da descrizione. affidabilità del marchio samsung. tutto perfettamente funzionante e qualità audio buona",4.0
3,3,https://www.amazon.es/Barra-Sonido-SAMSUNG-HW-T420-Subwoofer/dp/B083VFWY49,,Not in offer,"Barra de Sonido SAMSUNG HW-T420 - Sonido 150W, 2.1 Ch, Subwoofer cableado, Dolby Digital 2.1, Bluetooth 4.2 Power On, Game Mode y One Remote Control","4,2",32,No,Disponible a través de estos vendedores.,,,,"La recomiendo. Buen sonido y fácil uso. Tengo otra de la misma marca que cuesta 3 veces más.  Necesitaba otra para una habitación, más barata y que diera buenas prestaciones y de la misma marca que la TV, porque entonces con un solo mando lo haces todo.Esta está muy bien, cuando la conectas el cambio de sonido es espectacular y como barra de sonido da perfectamente su función.Primero la instalé en una sala de estar bastante amplia y cumplia perfectamente su función.Si tu nivel de exigencia es el normal, y no entiendes mucho de matices en los bajos, en los medios y lo altos, esta te servirá perfectamente. Al cabo de 2 días de comprarla, bajo de precio 20 euros. Descontento por eso pues si hubiera pasado más tiempo hubiera entendido que se trataba de una promoción, pero solo 2 días después me parece poco tiempo el transcurrido. No la devolví pues ya la tenía instalada. De momento no puedo decir que bien pues no funciona correctamente y no sé que hacer Ok just ok Preso a prezzo scontato, fa il suo lavoro, è un piacere adesso vedere i film con questa Soundbar. Suono pulito e buoni bassi. E' anche possibile collegare qualsiasi dispositivo bluetooth per esempio uno smartphone. Il subwoofer si collega solo tramite cavo ma poco male, a questo prezzo ci può stare. Soundbar compatta e audio molto potente e con Bluetooth, certo non siamo a livello di altri modelli più costosi, ma per essere Samsung, a questo prezzo è davvero ottima! L'unica pecca, almeno per me, è che non ha l'ingresso HDMI. Für diesen Preis finde ich die Soundbar super. Ich kaufte das Teil für meine, leicht schwerhörige Mutter. Sie versteht jetzt den TV besser ohne die Lautstärke zu erhöhen. Der Anschluss erfolgte an Samsung-TV per optisches Kabel ( war nicht im Lieferumfang )ganz einfach wie plug and play. Gefallen hat mir die Optik, da die Soundbar unter den Fernseher passt. Missfallen hat mir, dass die Bedienungsleitung in allen europäischen Sprachen geschrieben ist, nur nicht in deutsch. Bei einer Fehlerbehebung kann man nicht reagieren. Deshalb ist das ein großer Makel. articolo come da descrizione. affidabilità del marchio samsung. tutto perfettamente funzionante e qualità audio buona",4.0
4,4,https://www.amazon.es/Barra-Sonido-SAMSUNG-HW-T400-ZF/dp/B087XNRY8H,"109,65",Not in offer,"Barra de Sonido SAMSUNG HW-T400/ZF - Sonido 2.0Ch, Subwoofer Integrado, Dolby Digital, Modo Juego, Bluetooth 4.2 y One Remote Control, Color Negro","4,2",32,No,En stock,,,,"La recomiendo. Buen sonido y fácil uso. Tengo otra de la misma marca que cuesta 3 veces más.  Necesitaba otra para una habitación, más barata y que diera buenas prestaciones y de la misma marca que la TV, porque entonces con un solo mando lo haces todo.Esta está muy bien, cuando la conectas el cambio de sonido es espectacular y como barra de sonido da perfectamente su función.Primero la instalé en una sala de estar bastante amplia y cumplia perfectamente su función.Si tu nivel de exigencia es el normal, y no entiendes mucho de matices en los bajos, en los medios y lo altos, esta te servirá perfectamente. Al cabo de 2 días de comprarla, bajo de precio 20 euros. Descontento por eso pues si hubiera pasado más tiempo hubiera entendido que se trataba de una promoción, pero solo 2 días después me parece poco tiempo el transcurrido. No la devolví pues ya la tenía instalada. De momento no puedo decir que bien pues no funciona correctamente y no sé que hacer Ok just ok Preso a prezzo scontato, fa il suo lavoro, è un piacere adesso vedere i film con questa Soundbar. Suono pulito e buoni bassi. E' anche possibile collegare qualsiasi dispositivo bluetooth per esempio uno smartphone. Il subwoofer si collega solo tramite cavo ma poco male, a questo prezzo ci può stare. Soundbar compatta e audio molto potente e con Bluetooth, certo non siamo a livello di altri modelli più costosi, ma per essere Samsung, a questo prezzo è davvero ottima! L'unica pecca, almeno per me, è che non ha l'ingresso HDMI. Für diesen Preis finde ich die Soundbar super. Ich kaufte das Teil für meine, leicht schwerhörige Mutter. Sie versteht jetzt den TV besser ohne die Lautstärke zu erhöhen. Der Anschluss erfolgte an Samsung-TV per optisches Kabel ( war nicht im Lieferumfang )ganz einfach wie plug and play. Gefallen hat mir die Optik, da die Soundbar unter den Fernseher passt. Missfallen hat mir, dass die Bedienungsleitung in allen europäischen Sprachen geschrieben ist, nur nicht in deutsch. Bei einer Fehlerbehebung kann man nicht reagieren. Deshalb ist das ein großer Makel. articolo come da descrizione. affidabilità del marchio samsung. tutto perfettamente funzionante e qualità audio buona",4.0
5,5,https://www.amazon.es/Samsung-HW-Q60R-subwoofer-inal%C3%A1mbrico-tecnolog%C3%ADa/dp/B07Q6NVN3G,,Not in offer,Barra de Sonido Samsung | Harman Kardon HW-Q60R 5.1Ch 360W con subwoofer inalámbrico y tecnología Acoustic Beam,"4,5",182,No,No disponible.,B07Q6NVN3G,"nº22,350 en Electrónica",29 marzo 2019,"Impresionante barra de sonido ya suena bien sin altavoces añadidos pero con los altavoces extras de atrás simplemente es increíble, la música suena muy bien entorno a los videojuegos es la leche, esta vez el subwofer no es moco de pavo son 160w creo con lo cual se notan pero bien tanto en música como en acción como truenos, granadas, bombas, tiros, explosiones, derrapes, frenazos y si una cosa es flipante es cuando juegas juegos de guerra el sonido de las bombas por ejemplo en Ghost Recon Advanced Warfither 1 y 2 las granadas o misiles tienen eco al impactar contra un rascacielos o edificio con lo cual se puede llegar a oír el petardazo pequeño del impacto al instante para luego escuchar un fuerte eco que resuena en toda la habitación, vamos como si estuvieras en el campo de batalla y ni hablar de los battlefield's, del bat companny para arriba es increíble el sonido, otro punto a destacar es que se pueden escuchar los casquillos de las balas caer entre detrás y a tus lados de la silla o sofá, fascinante ya que la primera barra de sonido que compre era LG no es mala marca pero el modelo que compré si lo era con solo 100w repartidos ya que el subwoofer solo tenia 60w y los 40w en la barra 20w izquierda 20w derecha, cuando caía un trueno se apagaba o los tiros, granadas, explosiones total que una birria nada en comparación con la samsung hw q60r que si se sube demasiado el volumen corres el riesgo de asustar te un montón sobre todo los juegos de terror como the evil within 2 con la barra de sonido sacas el corazón por la boca, eso si le añades el tener una tv de 65"" ya es como el cine ademas si el tv es samsung con el mando de tv ya subes tanto la barra como el tv a la vez con un solo mando mas practico que nunca, la caja trae el subwoofwe la barra unos soportes de cuelgue para pared dos cables de corriente un cable óptico el mando unas pilas, no trae cable hdmi pero es igual con óptico ya basta, total es perfecta para el gamer Barra de sonido espectacular, sonido muy bueno y unos graves muy buenos, sonido en general muy elegante y muy puro. Una barra de sonido muy recomendada, su precio es alto pero bien lo merece, no tiene nada que ver con barras de precio inferior, se nota la mano de Harman Kardon. Muy recomendada. El mejor sistema de sonido que he tenido hasta la fecha, para musica y peliculas, hay dos modelos superiores pero eran muy caros y la verdad es que este me va muy bien Maravillosa barra de sonido.Muy buen sonido, el efecto envolvente se nota muchísimo, da mucho realismo a las películas, y las voces en el resto de programas se agradece mucho.La recomiendo. El producto es de máxima calidad, nada más que lo sacas del embalaje es una pasada, fácil de instalar y además con el tv samsung que tengo todavía más fácil, porque la puedes usar con el mismo mando de la tv, el sonido es una pasada, he estado mirando otros productos y este tiene una calidad muy por encima de los otros productos, el precio lo merece, además el envío por parte de Amazon no puede ser mejor. Gracias Aparte de lo dicho por los que adquirieron esta barra de sonido, tengo que destacar primero lo facil que es instalarla, y luego entender como funciona fantastica. Segundo punto la claridad de los dialogos aún en un volumen bajo perfecto, y como no lo bien que suena por el precio que tiene solo decir que me paso el dia escuchando musica por bluetooth desde mi smartphone. Gran elección. Un sonido claro ,sobre todo esos graves bestiales que hace que tiemble todas las paredes y con la promoción te queda en un precio irresistible. Recomendable 100% Estupenda barra que aporta calidad y clarida a tu TV... magnífica en la audición de música y para el visiondo de películas. Ho acquistato questa soundbar come completamento di una TV Samsung Q6FN55.Il risultato finale è stato decisamente soddisfacente in quanto all'ottimo pannello del tv ora c'è un comportato sonoro all'altezza. Semplicissima da installare, basta collegare la bar e il sub alla corrente e poi attivare la connessione bluetooth con il TV. Si accende e si spegne insieme al tv e in base a quello che stiamo facendo è possibile selezionare il present più adatto. Standard, bass, adaptive e gamepro; quest'utimo dedicato ai possessori di console.A voler trovare il pelo nell'uovo la soundbar ha dimesioni abbastanza generose, c'è bisogno di verificare prima di avere lo spazio necessario. Amazon perfetta, anche in anticipo sulla prevista consegna. Facile istallazione, abbinata a tv Samsung di ultima generazione. In una sala di 25 m2 pensavo il suono più corposo e tutti gli effetti sonori dichiarati evidenti. Nulladi tutto ciò. Sub woofer pessimo, bassi inesistenti. Non esiste nulla che spieghi le varie modalità di audio. Non lo ricomprerei. Solitamente acquisti come questo li faccio dopo un'approfondita analisi del prodotto. In questo caso, vuoi la vicinanza con le feste, vuoi il blasone del nome Harman Kardon per chi, come me, bazzicava gli anni del vero HiFi, mi sono fatto convincere dalla recensioni (poche, realtà) e dalle caratteristiche tecniche del prodotto. Mossa errata...Vediamo per prima cosa i lati positivi:- ottima costruzione- estetica bilanciata- configurazione veloce- controllo diretto tramite il televisore (Samsung Q7F)- subwoofer sufficiente.Ma ora vediamo i lati negativi:- i dialoghi rimangono sempre in secondo piano e non c'è nessuna regolazione che permetta di aumentare il livello del canale centrale- non è Dolby Digital + ma solo Dolby Digital. Non ha nemmeno nessuna decodifica HD- effetti surround e dinamico impercettibili- ascolto musica mediocre.In sostanza, se avete un televisore con audio scadente, la qualità con questa soundbar aumenta notevolmente, ma già con il mio televisore (65 pollici) non si avvertono miglioramenti da far strappare i (pochi) capelli.Leggendo con più attenzione le varie recensioni in rete di prodotti equivalenti, è evidente che difficilmente una soundbar potrà mai dare una resa anche lontanamente parente di un vero impianto HomeTheatre. Si cerca di ricreare effetti surround sfruttando le riflessioni della stanza (Bose è stata tra i primi a crederci per poi passare a sistemi più tradizionali), ma ogni stanza fa storia a se, con risultati tutt'altro che incoraggianti.Avviato, mestamente, il reso. La soundbar è elegante, il mio Smart TV Samsung l'ha subito riconosciuta e la posso pilotare con un solo telecomando (anche le impostazioni avanzate, tipo eq e modalità di funzionamento).I bassi sono profondi, la potenza per me è pure troppa, rischio di disturbare i vicini (salotto da circa 25 mq).Per chi ha uno smart TV Samsung la consiglio. Come sempre consegna puntuale, imballo del produttore ottimo (il cartone esterno era segnato da alcuni colpi subiti nel trasporto ma il contenuto non ne ha risentito), semplice da configurare.Tutto sommato è un prodotto probabilmente buono per la fascia di prezzo e per la sua natura. Arrivando da un sistema home cinema sperarvo (visto l'investimento) in qualcosa di simile e questo è stato un errore. La potenza non è minimamente paragonabile ad un home cinema, la gamma del suono è abbastanza completa, la presenza dei bassi  è importante ma in termini di potenza, anche al massimo volume, non fa ""tremare i vetri"".Per qualche giorno sono stato indeciso se restituirlo o meno ma parlando con amici che hanno acquistato una soundbar ho poi capito che per questo tipo di soluzione non si può pretendere di più. Non avendo previsto le tracce a parete e i passaggio dei cavi nella stanza mi devo accontentare di questa soluzione.Pro:- Configurazione ""istantanea"".- Installazione semplicissima.- Subito integrata a TV (nel mio caso Sony neanche troppo recente) con HDMI che ne permette il controllo volume, accensione e spegnimento dal telecomando del TV.- Si può ascoltare la musica collegandolo (in pochi istanti) come dispositivo bluetooth da telefonino.Contro-> GRAVE: manca uno schema (cartaceo prestampato) per il fissaggio a parete. Per fare un lavoro decente servono diversi attrezzi e/o una livella laser.- Potenza limitata.- Poche configurazioni del suono (quattro e non modificabili)",4.0
6,6,https://www.amazon.es/Samsung-HW-Q70R-Subwoofer-Inal%C3%A1mbrico-Altavoces/dp/B07NVVWHKC,,Not in offer,"Barra de Sonido Samsung | Harman Kardon HW-Q70R 3.2.1Ch, 330W con Subwoofer Inalámbrico, 17 Altavoces, True Dolby Atmos y Acoustic Beam.","4,1",15,No,No disponible.,,,,"un producto recomendado para los que buscan un sonido de cine sin gastar demasiado, en videojuegos se escucha espectacular y el efecto surround lo hace de escándalo, si tu salón no es muy grande el efecto se consigue muy bien, si tu salón es más grande se recomienda los altavoces traseros que se venden aparte, para conseguir un efecto mejor, en comparación con mis otras barras de sonido, tengo que decir que los bajos no opacan el resto del sonido, si no que acompaña a este y hace que se escuche como si estuvieras en una sala de cine, lo mismo ocurre en los videojuegos, se aprecia cada detalle en cada una de la escena de cualquier imagen, es espectacular, con mi tv de la misma marca se compenetran muy bien y es como si la barra fuera ya de la propia tv, es una barra que por el precio que tiene lo pagas muy bien, de momento el único punto malo, es la conexión hdmi, seria necesario que tuviera mínimo 3 para poder conectar otros aparatos, porque para poder apreciar bien el audio y sus efectos, debes de conectar cualquier aparato directamente a la barra, y esta al tv, y si tienes más de uno, tendrías que estar cambiandolo manualmente, pero claro, para eso ya está el modelo superior, por el resto está todo genial, y la calidad de construcción está de lujo, yo recomiendo esta barra para gente que busca un buen audio para todo Barre de son et caisson qui font bien le job ! Bonne Qualite sonore et puissance adapté au moyens espaces. Le caisson est tres efficace ! Belle qualité audio ! Facile d'utilisation, excellent SON. la tv a un rendu exemplaire",5.0
7,7,https://www.amazon.es/Samsung-HW-Q90R-Subwoofer-Inal%C3%A1mbrico-Altavoces/dp/B07Q4F8Z3Z,,Not in offer,"Barra de Sonido Samsung | Harman Kardon HW-Q90R 7.1.4Ch, 512W con Subwoofer Inalámbrico, 17 Altavoces, True Dolby Atmos con Altavoces Traseros",5,4,No,No disponible.,B07Q4F8Z3Z,"nº177,195 en Electrónica",29 marzo 2019,"1-la mejor barra de sonido casi con seguridad.2-La barra es preciosa, así como el subwoofer y los traseros. Fabricación excelente.3-En mi caso la conectividad entre todos los componentes del equipo va fluido. Aunque tuve algun problema con el HDMI ARC que ya solucioné y me ha llevado a editar mi opinión.4-El sonido que emite es apabullante más aun si le pones contenido Atmos (desde Netflix via XBox One X). Sencillamente brutal.5-Si quieres probar el Atmos en su mayor expresión no hay nada mejor que el Bluray de Hans Zimmer Live in Prague (versión True HD - Atmos), es realmente como si estuvieras dentro del concierto. Como consiguen aislar cada instrumento por canal es una autentica barbaridad.6-Por otro lado he leído muchas criticas a que los traseros se escuchan muy flojo:Si pones algo Atmos puedes apreciar que suenan genial y con mucha pegada.Hay que saber que se está comprando:-Actualmente el 99% del contenido está todavía en 5.1.-El 5.1 es emitido prácticamente al completo por la propia barra, por lo que los traseros apenas se oyen, lo cual es bien distinto a que los traseros estén mal. Sobra decir que el 5.1 que da la barra es igualmente excelente.-Si tienes un sistema de sonido en casa 5.1, es normal que sus traseros suenen mas fuertes que los de la barra Q90R, que como hemos dicho se reservan para el 7.1 o el Atmos.-Esta barra se debería comprar para disfrutar del Atmos, DTS-X o al menos 7.1.-Tened en cuenta que Netflix solo tiene una película en ATMOS CASTELLANO (La Trinchera Infinita) y el resto en INGLÉS. Prime no te lo marca y es más difícil buscarlas. Es decir SI PASAS DEL INGLES, PASA DE LA BARRA.-Si quieres 5.1 convencional, hay opciones super validas mucho más baratas.7-A los que ya tengan la barra, disfrutadla a tope, es una burrada.8-A los que pensáis comprarla, es una autentica maravilla, teniendo en cuenta lo expuesto.En definitiva una barra que suena de lujo. La barra es una pasada ya actualizada a dolby atmón es la mejor barra que ay de momento , tuve sony lg y me quede con la QR90 Y LG  PARA USO DE ANALOGICO Y CD Y TOCADISCOS .",4.0
8,8,https://www.amazon.es/Barra-Sonido-Samsung-HW-R450-2-1ch/dp/B07Q4FCRKK,"157,01",Not in offer,"Samsung HW-R450 - Barra de Sonido 2.1ch 200W HW-R450, versión 2019","4,4",350,No,Sólo queda(n) 1 en stock,,,,"Para escuchar música Mejor de lo que esperaba, suena de lujo los bajos son los q necesitaba y buen diseño Gran producto . Fácil instalación y gran sonido calidad precio lo calificó como un producto muy interesante a comprar No están nada mal, muy buen sonido y fácil instalación. Muy buena Barra de sonido fácil de instalar i se escucha muy bien a Poca potencia y no hay instrucciones para la instalacion Artículo increible A degno corredo di un 55 pollici dello stesso marchio, mi sono regalato questa sound bar con satellite subwoofer wireless. Film d'azione, videogiochi, concerti, tutto ha cambiato sapore da quando l'ho comprata. Si installa in un attimo, collegando il TV mediante cavo ottico in dotazione. Il subwoofer è già accoppiato con la bar ed è sufficiente dargli corrente per far vibrare le finestre di casa. Occhio ai vicini, che da dipendenza! Suono fedele (ci ascolto anche musica da CD) mi appaga l'occhio con la sua sobria bellezza. Inoltre si accende da sola quando accendiamo il televisore (almeno con Samsung). A corredo ci sono anche i supporti per fissarla alla parete. In sintesi: consigliatissima per il suo ottimo rapporto qualita/prezzo.Se la recensione ti sembra utile, fammelo presente, grazie. Ho acquistato la soundbar per poterla utilizzare anche come cassa smart per alexa con spotify.Gestendo bene le scene si riesce a scollegare vocalmente la soundbar dal TV e collegarla ad alexa (e viceversa)Il suono migliora parecchio ascoltando musica streaming. Audio netflix migliorato. Per il tv non c'è grande miglioramento (a causa delle trasmissioni) ma la differenza un po si nota.Attenzione perchè la soundbar non è wifi. Nella descrizione generale sembra di si ma nelle specifiche tecniche viene indicato che il collegamento wifi non è supportato. Tutto sommato buono per il prezzo. E' il complemento indispensabile per chi ha una TV Samsung con la quale si interfaccia perfettamente. Si accende quando si accende la TV senza bisogno di accenderla con il suo telecomando (che potete pure mettere da parte in quanto il volume si regola da quello della TV. E questa è una grande cosa specialmente per chi odia avere 100 telecomandi fra i piedi. Il suono è caldo e avvolgente e la visione della TV è tutta un'altra cosa rispetto a chi la sente con l'audio integrato (che nelle Samsung è comunque ottimo). Ovviamente per uso domestico. Non aspettatevi grandi capacità in grado di soddisfare gli audiofili perché ad altissimo volume inizia a gracchiare ma se vi mantenete a volumi ""da condominio"" vi darà delle grandi soddisfazioni. Un ottimo prodotto, elementare l'installazione ed il sincronismo con il TV Samsung. unico fatto strano è che con il collegamento BT il volume audio è sensibilmente maggiore che con il collegamento ottico. Ho cercato una risposta ma non ho trovato nulla, salvo un commento di un utente sul sito Samsung che dice che è normale... Perché?Per il resto tutto OK. Ho comprato questa soundbar per dare un po di ""vivacità"" alla mia TV 42"" del 2006 e devo dire che ha confermato le aspettative.Si monta abbastanza velocemente, il cavo è inserito in modo da non interferire sull'estetica e sull'ingombro della soundbar; l'alimentatore è un po' grosso e ingombrante (magari un alimentatore interno sarebbe stato gradito) e una volta collegato pende un po' ma nel complesso ci sta.L'ho collegata con il cavo ottico al decoder My Sky HD (quello Samsung vecchio) e anche il cavo ottico ha il suo scompartimento in modo da non ingombrare visivamente.Il Subwoofer è la vera figata... si connette alla corrente e funziona direttamente, senza collegarlo fisicamente alla soundbar il che è ottimo!!! Lo puoi piazzare dove vuoi senza il problema dei fili che vanno da una parte all'altra!!!Nella confezione c'è anche un telecomando che ti permette di controllare il volume, il sub, gli ingressi e alcuni settings del suono; mi sarebbe piaciuto poterla comandare direttamente dal telecomando della TV ma purtroppo non ho un Samsung...La resa sonora è buona, considerando il prezzo pagato, ed è molto utile la possibilità di poter regolare il subwoofer in maniera autonoma in modo da rendere Ilaria giusto apporto di bassi, che comunque restano di qualità.Molto utile anche la funzione Bluetooth che la trasforma in un altoparlante wireless per cellulare e computer (l'ho collegata anche a Google Home in modo da poter ascoltare la musica da Spotify) e puoi sostituire così l'impianto stereo.Moolto Mooolto Bene",5.0
9,9,https://www.amazon.es/Samsung-HW-R550-subwoofer-inal%C3%A1mbrico-Streaming/dp/B07Q7SNXZM,,Not in offer,"Barra de Sonido Samsung HW-R550 2.1Ch 320W con subwoofer inalámbrico, Streaming de Música y Surround Sound Ready","4,4",71,No,Disponible a través de estos vendedores.,B07Q7SNXZM,"nº14,753 en Electrónica",29 marzo 2019,"Muy facil de istalarMe esperaba más siendo del año 2019 se queda muy pobre y a los pocos días salió la rv 60 que es mas perfecta y admite mas complementos sin añadir mas precioNo la aconsejo pues por unos poquísimos euros más tienes la 60 que es buenísimaNo la ha podido devolver por no tener el embalaje Muy contento con el sonido, facil instalacion y entrega antes de lo previsto. si connette alla tv senza cavi. anche il woofer  messo dietro il divano senza cavi dalla tv ma solo alimentazione indipendente. Si può comandare tutto dal telecomando della tv, dopo la prima istallazione è sempre connessa. Qualità audio ottima. Con soli €180 si ottiene un risultato più che ottimale, non paragonabile a soundbar da €1600 ma come rapporto qualità prezzo è ottimo. rende circa un 30 40% in meno di quelle da €1600 ma in realtà non costa un 30 o 40% in meno quindi è molto molto consigliata. Il subwoofer si collega in wireless pochissimi fili pochissimi cavi da collegare effetto immediato connettività immediata che dire davvero consigliata sono davvero soddisfatto del prodotto grazie Purtroppo restituito tra mille perplessità e prove. Sicuramente un mio errore di valutazione. Estetica nelle linee Samsung. Comportamento normale per quanto riguarda i canali televisivi  leggermente più amplificato rispetto all'audio originale, tivvù Samsung serie 8, ma niente di più, abbassamento repentino nei dialoghi  specie nei film senza nessuna differenza con l'audio originale con picchi di suono improvvisi ed eccessiva enfatizzazione dei bassi. Medi pastosi e tendenti alle tonalità basse, il tutto veniva riprodotto e peggiorava con i film di 5.1.. Insomma per nitidezza e frequenze era preferibile l'audio del televisore. Questo sistema risente della data di progettazione anche se provvisto di tutti i sistemi audio in ingresso devo riconoscere che specie col cavo ottico l'abbattimento in negativo del volume era consistente  specie proveniente da una fonte non amplificata. Eccezionale l'assistenza Amazon sia nel reso che nel rimborso. Veramente un ottima soundbar! Sicuramente ha cambiato completamente il suono delle casse della tv! L’installazione è stata veramente banale l’ho accesa e si è configurata tutta da sola! Diversi effetti selezionabili, io uso l’effetto sorround! La morte sua sicuramente è abbinarci altre sue casse messe dietro rispetto dove sei seduto! Ma già così che qualità! Che dire.Assolutamente bestiale.Inizio col dire che il venditore è sempe stato cordiale e paziente.Il prodotto è arrivato in ottimo stato, avrei solamente gradito un minimo di sicurezza in più nell'imballaggio. La sua sola scatola, secondo me, non è abbastanza per il viaggio che ha affrontato.La soundbar con relativo subwoofer fanno il loro mestiere. Il bass è devastante, appena si mette una musica un po' più spinta inizia a tremarti sotto ai piedi. Almeno, questa è stata la mia impressione.Soddisfatta al 100%",4.0
10,10,https://www.amazon.es/Samsung-HW-N400-Sonido-inal%C3%A1mbrica-est%C3%A9reo/dp/B07CHBNYQ1,,Not in offer,"Samsung HW-N400, Barra de Sonido Inalámbrica Estéreo 2 Ch, 1, Negro","4,2",279,No,Disponible a través de estos vendedores.,,,,"La compré para una tv samsung de 49, para mejorar el sonido, en realidad el sonido es muy bueno, pero para lo que básicamente la había comprado que es para obtener claros los diálogos de las series y peliculas, en realidad no lo he conseguido, ya que la musica de la serie o pelicula suena con muchísima potencia, pero los dialogos cuesta oirlos, no se donde radicará el problema. Muy buenas prestaciones. Me ha sorprendido gratamente por la calidad del sonido y las multiples funciones que trae, para poder usarlo como equipo de sonido Compramos esta barra de sonido para un uso básico en la oficina y que estuviese conectada a un TV Samsung de nueva generación pero nos encontramos que la conexión con el TV se perdía constantemente por lo que hemos decidido devolverla y ver otras opciones. Por otro lado, el sonido es más limpio que en de un TV pero no llega a ser nada del otro mundo ya que por este precio no hay mucho mejor que vayas a obtener. Si lo que buscas es un sonido parecido a lo que da un 5.1, tendrás que mirar otras opciones con precios más elevados. Una barra de sonido muy buena que mejora mucho la calidad de sonido del televisor. Fue conectar por cable óptico y la tele samsung que tenemos en casa se escucho por la barra, también la detectó por bluetooth sin tener que hacer nada más, con el mismo mando de la tele controlamos el volumen de la barra. Se puede añadir un pack con más altavoces, que se compra por separado, pero para mi uso, no lo veo necesario. Comprada en black friday a muy buen precio. Lo único a mejorar seria el tamaño, pero supongo que todas las barras deben ser así de grandes. Buena relación calidad/precio, barra de sonido muy completa, con mando a distancia, soporte para colocar encima de la television, traen un micro USB, cable óptico y por supuesto bluetooth. El sonido de la TV a mejorado notablemente. Es correcto a la descripción, fácil de conectar por por bluetooth en TV samsung, tampoco es que sea lo más de lo más en barra de sonido pero mejora a los altavoces de la TV, se puede usar con el mismo mando de la TV y por opciones de sonido se puede regular y ecualizar un poco a gusto, pero lo dicho barra sencilla que mejora lo que hay, tampoco por 124€ en oferta flash se puede querer mucho más.Es correcto se corresponde con la descripción y calidad precio esta bien. Con tv samsung y aynet+ activado, se maneja con el mando de la TV. Se escucha mucho mejor que la j250 que tenia. Muy buen precio del cyber monday y muy contento con l compra,la calidad y comodidad. Excelente producto, de una calidad inmejorable para el precio que tiene.He tenido otras de muchísima menor calidad y de precio casi similar a ésta barra.La Samsung se merece una valoración de 10 sobre una escala de 10.Recomiendo su compra. Suono gradevole, bassi rispettabili nonostante l'assenza del subwoofer, chiaramente non aspettatevi il medesimo effetto di un 2.1 ma  l'audio del mio TV Philips 49 pollici 49PFS5301 situato in un soggiorno di 25 mq è nettamente migliorato, differenza particolarmente evidente nell'ascolto musicale.Utilizzando la connessione HDMI ARC il livello audio è controllabile col telecomando del TV, oltre al fatto che la soundbar si accende e si spegne automaticamente assieme al TV.La soundbar dispone di 4 altoparlanti: 2 woofer e 2 tweeter.In dotazione: cavo per la connessione ottica e staffe per il fissaggio a muro.Dimensioni ridotte, qualità elevata, completamente soddisfatto. Premetto che la soundbar ha un ottimo rapporto qualità/prezzo, e la valuterei 4 o 5 stelle. Purtroppo ho avuto un problema con la promozione con cui l'ho acquistata. Infatti ho aderito alla promozione Blue Days di Samsung: registrando il prodotto sul loro sito avrei ricevuto un rimborso di 50 Euro tramite bonifico (la promo era pubblicizzata da amazon). Quando sono andato a registrare il prodotto Samsung mi segnala che il seriale non andava bene. Contatto l'assistenza samsung e mi viene detto che il seriale è francese, mentre la promo è riservata all'Italia.Allora chiedo spiegazioni ad Amazon, e a distanza di 4 mesi non ho più ricevuto risposta. Sono molto amareggiato per come Amazon ha gestito questo problema. Comprata nel bundle trovato su Amazon TV+Soundbar e l'ho collegata alla TV Smart tramite il cavo ottico (incluso nella confezione), viene riconosciuta ed il volume viene controllato tramite il telecomando della TV stessa.Con il telecomando specifico della Soundbar è possibile regolare il volume, regolare i bassi, scegliere il canale di input e usare opzioni avanzate. E' possibile collegarla alla parete, nella confezione sono inclusi gli accessori per il fissaggio.Ne sono soddisfatto, anche se non ne sono un esperto l'audio paragonato con quello delle casse della TV è di una qualità decisamente superiore e la differenza si sente sia come qualità di audio che come diffusione dello stesso. Era da parecchio tempo che stavo guardando diversi tipi di soundbar, mi è capitato di vedere in un negozio di elettronica la n-400 e mi ha colpito per il suono, certo è un prodotto medio senza tante pretese che svolge discretamente il suo lavoro. Quello che mi ha spinto all'acquisto è stato il prezzo di Amazon + il rimborso di 50Euro da parte di Samsung. Ordinata il 12 e arrivata il 13 alle 11 consegna impeccabile. Per il montaggio pensavo fosse molto complicato, invece è bastato collegare la porta ottica del TV Samsung con quella della soundbar con il cavo ottico in dotazione, accendere la TV e contemporaneamente si è accesa la soundbar e il gioco è fatto. Ho impiegato più tempo a registrarmi su Samsung Members per lo sconto che far funzionare la soundbar. Sound bar compatta. Buon rapporto qualità prezzo. Sicuramente migliora l'audio della tv led, anche se non in maniera eccezionale. Collegata senza problemi ad una smart tv LG tramite hdmi arc, così si regola il volume e si accende/spegne da telecomando tv. A livello audio, secondo me si sente un po' la mancanza di un altoparlante per i toni medi, presente su modelli di fascia superiore.Un difetto che ho riscontrato: ogni tanto capita che non riconosca più l'input da TV tramite hdmi arc e sia necessario togliere / ridare alimentazione per farlo riconoscere di nuovo.A parte questo sporadico fastidio, sono soddisfatto dell'acquisto.",4.0
11,11,https://www.amazon.es/Samsung-HW-N550-Barra-Sonido-inal%C3%A1mbrica/dp/B07CH7418S,,Not in offer,"Samsung HW-N550 - Barra de Sonido inalámbrica 1.1 340 W, Color Negro","4,2",32,No,No disponible.,,,,"Un salto de calidad enorme frente a un televisor led, quizás esperaba mayor cantidad de volumen pero para nada, la calidad y volumen que da es perfecta, con el aliciente que ese modelo permite una ampliación de dos altavoces más de manera inalámbrica por si en el futuro quieres que sea aún más envolvente He estado dudando en si devolverla o no dado que me ha sido imposible hacerla funcionar con Alexa vía bluetooth pero al final he optado por quedarmela al haber podido comprarla por menos de 200€. Por este precio la relación calidad/precio es imbatible. Con la TV LG conectada por HDMI es inmediata su detección. El subwoofer se conecta inalámbricamente también sin hacer nada. Es otro mundo escuchar la tele por esta barra. Sobre todo los bajos y la claridad de sonido en los diálogos de lag películas. Es lo que buscaba principalmente. El Echo Dot lo he tenido que dejar conectado por cable de audio con la entrada AUX de la barra. No es lo que quería pero es la única solución de momento hasta que algún día a Amazon de soporte a esta barra o se invente algún otro método de detección. No he probado el cable óptico al poder enchufar la tele por HDMI con ARC. Una característica fundamental x la que compré está barra fué su capacidad de reproducir música x su conexión USB.La decepción vino al usar la app Audio Remote de Samsung. No se puede navegar por los mp3s del USB ni muestra información del archivo que está sonando. Solo deja ir a la canción siguiente o a la anterior. La entrada USB de la barra pierde muchísima funcionalidad de esta manera. Además siempre empieza desde el primer archivo cada vez q seleccionas la fuente USB.A nada que tengas unos cuantos álbumes en el USB, buscar una canción concreta se hace imposible.La gestión de canciones desde el USB se debería igualar a la que se realiza con los archivos que se encuentran en el teléfono que está muy lograda.Por lo demás, suena bastante bien para un salón pequeño como el mío y la mejora del sonido sobre el de la TV es abismal.Le faltan modos de sonido respecto a otros modelos de Samsung. No tiene modo noche.Lástima de la gestión de archivos en el USB desde la app. Contentísimo con esta barra de sonido. Montaje muy fácil y limpio, viene con un cable para conexión óptica. Sonido compensado, claro  y potente, es como la noche y el día respecto a los altavoces de la televisión. Además la función bluetooth para enviar música desde el móvil también va perfecta. La calidad de sonido es bastante buena pero noto falta de potencia, me esperaba bastante más para el precio que tie Envío rápido. Calidad de sonido muy buena. La instalación ha sido rapidísima. Y junto con tv Samsung sólo se utiliza un sólo mando. Se controla desde el mando de la tv que es igual al de la barra. Ojo con algunos aparatos de hdmi que conectas a la tv al lado de hdmi arc, parece que hay conflicto entre ellos. Ejemplo nintendo switch y barra si las conectas a la tv. Ha cumplido todas mis expectativas,  no se pude pedir mas por el precio que tiene, destacar el subwoofer cálido y contundente que para un salón de Tv es más que suficiente, muy buena compra. Queda muy bien en mi tele de 48, el subwoofer a un lado y la barra bajo no tapa la pantalla, de momento conectada vía bluetooth, con un sonido bastante bueno, calidad/precio recomendable! Non mi piace che ogni volta che accendo la tv, si accende pure la barra Branche sur un Television SamsungSe reconnait facilementFacile d installation Vraiment super génial Installation simple. Connection rapide avec TV Samsung. Son meilleur que celui de la tv sans être bluffant pour autant. J'attendais davantage du caisson de basse. Bien et facile à installer",4.0
12,12,https://www.amazon.es/Samsung-HW-MS650-Barra-Sonido-Inal%C3%A1mbrica/dp/B071DCPJYK,,Not in offer,"Samsung HW-MS650 - Barra de Sonido Inalámbrica Sound + MS650, Color Negro","4,4",142,No,No disponible.,,,,"Despues de leerme multitud de reviews en las web especializadas, me decidi a comprar 2 barras de sonido: la extraordinaria Samsung HW K950 para el salon, y esta tambien magnifica Hw-Ms650 para mi habitacion, donde tengo un proyector.Esquematizando, estas son mis conclusiones tras un mes de uso:- El rendimiento de la barra de sonido es magnifico en peliculas, videojuegos y tv en general, sobre todo si la conectamos por HDMI u optico, con 3 canales bien separados y perfectamente distingibles, una musicalidad y dinamismo envidiable, y una extraordinaria nitidez.- La ausencia de subwoofer y su rendimiento en graves es mas que suficiente para una habitacion, pero decepcionara profundamente a todos aquellos que esperen la misma pegada que una barra de sonido con subwoofer dedicado, ni en peliculas, ni en estilos de musica donde el grave esta muy presente (electronica, hip hop, rn' blues, etc).- Es realmente facil configurar un sistema multiroom entre la barra del salon y la de mi habitacion con la app de samsung.- En cuanto a su rendimiento como sistema de musica, y teniendo en cuenta que yo solo lo he evaluado mediante Bluetooth y WiFi , puedo decir que segun los estilos de musica, su rendimiento es mas que suficiente en cuanto a nitidez, claridad, dinamismo y cuerpo para una habitacion pequeña donde el volumen nunca va a llegar ni a la mitad, PERO si lo comparo con mis anteriores sistemas de sonido (Bower&Wilkins Zeppelin Air primero, y  Monster Beats de Vias separadas Segundo) carece de la misma capacidad de emocionar, del mismo cuerpo ni la misma pegada que cualquiera de los dos anteriores , pese a que su potencia de salida es similar (150w y 200w vs 180w de la Barra de Sonido). Es decir, de alguna manera, siempre estas esperando mas amplitud de sonido. Y esa nunca llega por mas que subas el volumen....lamentablemente eso pasa con cualquier barra de sonido, ya que son su hermana mayor del salon, pasa igual aunque paliado en gran medida por la presencia del subwoofer.- La calidad de construccion, estetica y al tacto, al igual que el mando a distancia, son magnificos. Es una barra de sonido de gama alta que, ademas, lo parece.Por tanto, en la balanza de que sepamos que va a pesar mas en nuestra experiencia auditiva, podremos sentirnos de muy satifechos a ligeramente decepcionados, segun pese mas la prioridad que le demos a su rendimienton como HomeCinema o como sistema de musica.Un cordial saludo No tan espectacular como he leído en algunas opiniones, pero la relación calidad precio es excelente. Tiene muy buen sonido, que no perfecto como otros sistemas más caros, pero para el precio está muy bien. La música por Bluetooth y wifi se oye muy, muy bien, cuanto menos comprimido esté el archivo de audio mejor. Para películas es excelente: puede reproducir Dolby Digital 5.1 y Dts, pero cuidado con Dts Master Audio, o Dolby Atmos, que no funcionan en esta barra. Los graves son excelentes y aun así puedes aumentarlos con el  mando a distancia. El efecto surround que consigue es muy bueno, el otro dia me vi Independence Day y flipé. Físicamente es imponente y queda muy bien en mi salón. Muy contento con la compra, pero que nadie se espere que suena como un sistema de alta fidelidad. El producto venía de una devolución por eso le pongo 4. La barra está fenomenal, lo he probado con varios tipos de sonido: música, series, pelis... Directo desde Spotify, Netflix, Blu-ray... Todo perfecto.Hice mucha labor de investigación y esta barra la ponían muy bien en todos los sitios. Al precio que la compre (387€) es una opción muy buena. Vi la bose soundtech que tiene unos setting mucho más personalizados, pero claro, el precio...La barra es grande, creo que está muy orientada a ponerla debajo de una tele colgada para ocupar ""menos espacio"".Es un 5 estrellas en el fondo. Como indican todas las reviews es espectacular relación calidad precio.La barra es grande, pesada y bien construida.Un detalle del sonido: cerrando las puertas del salón los graves no se sienten en otras habitaciones lo que es muy útil.Conectada por arc a la tele (si lo soporta tú tv tiene alguna ventaja sobre el óptico) y ajustados algunos parámetros del descodificador y el firestick para que mande el sonido DOLBY cuando sea posible.Las voces son muy nítidas y no te pierdes ningún diálogo.Le doy un 4 porque el embalaje venía abierto (alguien la probó o abrió), no tenía marcas de uso excesivas pero amazon debería indicar cuando un producto está previamente usado (supuestamente lo hacen)P.D: en unos conocidos grandes almacenes de españa (en su venta online) ofrecen la Samsung K950 con dolby atmos por 799€ (precio oficial 1499€ y raro verla por menos de 1400€) Realmente suena muy bien, peeeeeero...Para el precio que tiene me esperaba algo mejor.A volumenes bajos pierde mucha calidad. Suena realmente bien si te situas justo delante de la barra. Como tengas un sofa grande, o a los lado... las has cagado. Ahi se nota mucho que estas fuera de su rango y tienes la sensacion esa rara que oyes mas de un oido que de otro. Los modos de sonido algo justos, no hay mucha sensacion de sonido envolvente en las peliculas. Lo tengo siempre en modo estandar, que para mi se escucha todo mas correcto Buena calidad de sonido, pero bastantes problemas de conectividad con televisor Samsung de la gama 2017 - se desconecta a menudo como entrada principal y hay que volver a seleccionarlo.  Podría ser problema del televisor, pero ambos son Samsung y deberían funcionar bien.  Con HDMI-ARC el problema ocurre menos a menudo que por cable óptico.Creo que otra área bastante mejorable es que no hay una buena solución para colocarlo debajo o delante de televisores de la misma marca, excepto si cuelgas ambos de la pared, y eso no es muy habitual. Si buscas una barra de sonido para tu televisión esta es una de las mejores compras que puedes hacer. Samsung lleva años haciendo un gran trabajo en el tema de sonido. La barra se puede conectar tanto por cable óptico como por HDMI ARC. Además tiene WIFI y bluetooth por lo que es una de las barras más completas del mercado. Está muy bien construida, con materiales de mucha calidad y el sonido es impresionante, cambia por completo el sonido de la televisión, unos graves muy muy buenos y unos matices que no se podían escuchar con los altavoces de la tele. un ottimo prodotto, e sopratutto eccellente nel rapporto qualità prezzo. questa soundbar offre un audio 180w eccezionale, con 9 casse e sopratutto senza subwoofer esterno e dunque senza cavi che girano. consiglio l acquisto del kit swa-9000s che con questa soundbar crea un cinema in casa!! ottime le soluzione di collegamento: wi-fi, ottico, hdmi arc, bt. En plus d'être belle, cette barre de son est de très bonne qualité pour son prix très raisonnable.Livrée avec ses encoches pour une pose murale et un câble optique, vous n'avez rien d'autre à dépenser.Plusieurs fonctions sont facilement disponible via la télécommande et il est très simple de diffuser Deezer ou tout autre son de son téléphone ou de sa tablette via une application Samsung très pratique.Il y a des préréglage de son suivant le programme : sport, musique, film, ... et bien sur le mode automatique pour gérer automatiquement le réglage idéal, qui est d'ailleurs très efficace.Je suis surpris par sa puissance sonore et ses caractéristiques, une des rares barres de son à avoir une prise HDMI pour ce prix et ça c'est très pratique car grâce à cela vous pouvez diffuser le son de votre box, console et TV avec une simple HDMI arc sur votre TV, le top !Si vous avez trouvé mon commentaire utile, n'hésitez pas à le signaler en cliquant sur le petit bouton. Sur le point de déménager, j'avais décider de tirer un trait sur mon ampli 5.1 avec son caisson de basse qui avait pour principal inconvénient... Ses fils! Pas question de trimballer tout ça dans le nouvel appartement, quitte à perdre en qualité de son lorsque j'écoute de la musique.Bilan:- Pour écouter de la musique, c'est bluffant, basses rondes et puissantes, son clair et très défini, c'est franchement chouette.- Pour la télé c'est très bien, les voix se détachent bien .- Pour le cinéma avec un film en 5.1, ça reste très agréable, mais ne pas s'attendre à une spatialisation similaire à un système en 5.1Globalement, plus que satisfait par cet achat, et en plus c'est un bel objet! Il prodotto è esteticamente gradevole e ben fatto. Rispetto ad altre soundbar è tutto in metallo. Il suono E' BUONO in termini di qualità e potenza, rispetto agli altoparlanti della smartTv, vi accorgete che è cambiato qualcosa e la percezione è gradevole e PULITA. Il sistema è un dolby 3.0 frontale e su un canale dedicato ai film d'azione con la soundbar in modalità surround si percepisce la ""sensazione "" cinema, cioè suoni provenienti dalla destra/sinistra e bassi QUANTO BASTA. Penso che completando la soundbar con un surround WIFI (altoparlanti posteriori) + woofer WIFI si possa avere un effetto ancora migliore. Ich habe vor der Kaufentscheidung zu Gunsten der Samsung HW-MS651, noch die LG SK8 und Yamaha YAS 207 ausprobiert, die im gleichen Preissegment liegen.Alle drei Soundbars waren eine deutliche Klangverbesserung im Vergleich zu den TV-Lautsprechern, daher kann ich die guten Bewertungen für jede dieser Soundbar nachvollziehen.Dennoch, im direkten Hörvergleich hört man dann doch deutlich qualitative Unterschiede. Beispiel: Die LG SK8 klang am TV zunächst beeindruckend, doch im Vergleich zur YAS 2017 und HW-MS651 klangen die Stimmen flach+kühl, der Bass hatte zwar Wumms war aber sehr unpräzise und der Klang war blechern.Ich habe mich für die HW-MS651 entschieden, weil: Klang(raum) breit+voluminös, die Stimmen klar+warm, Bass knackig und präzise - all dies auch bei höheren Lautstärken. Klanglich sehr gut und zudem exzellent ausgewogen. Für eine Soundbar beeindruckend.Einzig für Bassliebhaber, die großen Wert auf einen wuchtigen Bass Wert legen, wäre diese Soundbar evtl. zu wenig.Wichtig für die Soundqualität der HW-MS651:- die aktuelle Firmware installieren (mit der werkseitig installierten Firmware Klang hörbar schlechter)- TV per HDMI (ARC) verbinden (beste Soundqualität)- am TV richtige Audio-Einstellung für HDMI Ausgang (z.B. Dolby, DTS - kein PCM)Am Ende, und das wird oft in den Rezensionen vergessen, entscheidet das individuelle Hörempfinden, der persönliche Geschmack und die eigene Erwartungshaltung (Es ist eine Soundbar! Kein LS System).Als Soundbar, in diesem Preissegment, ist der Samsung HW-MS651 es aber definitv wert, in die engere Auswahl genommen zu werden.",4.0
13,13,https://www.amazon.es/Samsung-HW-N650-Sonido-inal%C3%A1mbrica-Antracita/dp/B07CH37N8J,,Not in offer,"Samsung HW-N650 - Barra de Sonido inalámbrica 5.1 360 W, Color Gris Antracita","4,6",40,No,Disponible a través de estos vendedores.,,,,"Buena barra y buen sonido, voces nítidas y subwofer a la altura...Ideal para disfrutar del cine... Es el complemento perfecto para una SmartTV Samsung, la profundidad que da el subwoofer, y la nitidez del sonido convierten tu salón en un minicine. Me gusta la potencia que tiene Sonido muy bueno, aunque el precio es muy elevado Excelente producto y gran calidad de sonido. This is an excellent product and was so easy to set up. A great sound, the treble and bass settings provide a balanced sound. The external wireless sub woofer is small and can be hidden away out of sight if required. The subwoofer gives an excellent without booming. The soundbar itself looks good and fits neatly below the television Got this to upgrade my Philips soundbar. The Philips one was good but never felt it was powerful enough for my living room. Also the subwoofer would intermittently drop connection. But this is such an difference. The overall sound is fantastic. Movies sound brilliant and even TV is improved. Subwoofer stays connected no probs across my room (4m or so). Installation was very easy due to having a template and two little plastic washers that screw to the wall first, then you just drop on the sturdy metal brackets and then finally place the soundbar on and screw together. It's a big old unit though. Larger than my Philips but I guess it's a small sacrifice for better sound. It looks fine under my 55"" TV though. Really pleased with this. The build quality along with the sound quality of this bar has exceeded my expectations. The sound will never be that of Dedicated Hi Fi speakers. But for TV it is very good. This was bought to replace a 4-year-old Philips bar, which would no longer pick up the remote signal, the sound far exceeds the Philips bar. I also like the fact that the sound can be controlled from the bar its self, so if remote fails you can still use the bar. I am glad I chose the bar with the Bass box, it is worth having. I am very impressed with the quality of this sound bar. Crisp clear treble. Deep base. Someone reviewed saying the bass wasn't as expected.  Go to settings and base, then plus up the bass. Then plus up the woofer and the bass is excellent. HDMI-ARC connection with Samsung TV was a breeze. Shame there isn't a bracket available to attach the sound bar to the TV underside. Vast improvement on the sound however, especially using the separate sub-woofer. Still learning about it, but very promising so far.",4.0
14,14,https://www.amazon.es/Samsung-HW-R430-ZF-Sonido-Canales/dp/B07S3RYV17,,Not in offer,"Barra de Sonido Samsung HW-R530/ZF de 290 W, 2.1 Canales, Color Negro","4,5",592,No,Disponible a través de estos vendedores.,B07RXG89S3,"nº46,306 en Electrónica",21 mayo 2019," - Envío: la compré en el Black Friday por 125€ (29/11/19) pero Amazon no la envió hasta el día 7/11/19 más ó menos (no sé por qué casi siempre no estaba y sigue no disponible). La enviaron desde Bérgamo, Italia.- Diseño y contenido: la barra está cubierta por delante y arriba con la clásica tela de altavoces. El subwoofer por delante también. Son de las medidas que se indican (la barra como el ancho de una tv de 36"" O 38"" y el subwoofer bastante alto, pero ambas cosas pesan poco). La barra tiene una pantalla en la que se muestra continuamente el modo de conexión utilizado o el volumen, ajustes que cambias y demás cuando lo estás haciendo.La caja lo incluye todo: manual, mando, pilas, quitar de sujeción a pared, cable de alimentación con enchufe italiano o británico para la barra y español para el subwoofer, adaptador de enchufe al español y cable óptico. Todo en una bolsa.En el manual pone que se pueden añadir 2 altavoces satélite para hacerlo 4.1.-Instalación: se conecta el subwoofer a la corriente, luego la barra a la corriente, se enciende la barra y se conecta la barra al tv con el cable óptico. Y automáticamente el subwoofer se conecta a la barra. Ahora se elige en el menú de la tv que salga el audio por los altavoces y ya está. Mi tv es una Samsung barata de 32"" Y resolución 1900*1080i.Con el mando de la tv puedo manejar el volumen de la barra, pero me sale un mensaje de que el audio está por altavoces y que debo usar el mando de éstos. Pero poder, puedo.También se enciende la barra automáticamente al encender la tv, pero no se apaga a la vez (o la apagas tú o se apaga sola a los 20 min.).-Características y sonido: es eficiente energéticamente (bajo consumo), incluye decodificador DTS y Dolby Digital, el sonido es muy bueno, claro y con graves potentes. Quizás tiene demasiado graves para ver series o dibujos aún poniéndolo en modo estándar y no surround.En el menú de la tv puedo elegir entre PCM, Dolby Digital y DTS Neo 2.5 (éstos 2 para los canales que lo tengan).Con Dolby y DTS hay más graves, mayor efecto surround y mucho más volumen general (con PCM pongo el volumen al 25, con los otros lo tengo que bajar al 9 o 10 (habrá hasta 50; lo puse a 42 y no aumenté más porque ya era mucho pero aún así no se distorsionaba)).Desde el mando se puede cambiar entre modo Estándar y Surround (yo casi no noto diferencia) y también se puede ajustar el Treble (altavoces de medios) y el Bass (graves) de -6 a +6 (tampoco noto gran diferencia). También se puede poner más o menos woofer con el mando usando un botón junto al del volumen.A mí me vendría bien que se pudiesen poner y guardar varios ajustes y poder cambiar entre ellos con un solo botón para no estar ajustando todo a mi gusto todo el rato.El vídeo que he puesto está con el modo surround y DTS neo 2.5 (tanto la calidad como el volumen no es como en persona (que es mucho mayor y mejor) , pero el móvil da lo que da: escucharlo con auriculares (móvil) o altavoces 2.1 (ordenador o tv) para notar los graves mejor.Resumen:- Mucho volumen, sobretodo en Dolby o DTS, con claridad y sin distorsiones. Suena genial (se supone que ajusta automáticamente el sonido al contenido, pero también puedes modificar tú el nivel de altavoces medios (barra) y graves (subwoofer).- Bajo consumo.- Fácil instalación e incluye todo.- Pantalla y poco peso. Se enciende sola al encender la tv (al menos con una tv Samsung). Si buscas una barra que sea para ver pelis y no tengas grandes pretensiones, es la barra ideal, Es facil de instalar e intuitiva y tiene buena calidad de sonido para complementar al tv y gozar de una buena pelicula. Si buscas mas calidad ya hay que irse a otras gamas muchisimo mas caras. Muy contento Mejora el sonido de la tv, aunque no de forma exagerada. Si tengo el volumen de la tv y barra al mismo nivel, se escucha con efecto de eco (aunque ambos se escucha sincronamente). Si escucho solo mediante barra desaparece tal efecto. El emparejamiento por bluetooth con movil es rápido y con buena calidad de sonido. Muy buena calidad , precio y sonido a un precio superasequible.Puesto en un salon de 60 ms cuadrados , se oye excepcionalmente bien. Recomendable por precio y calidad. No vale la pena coger modelos mas caros. Todo perfecto Mas que suficiente barra de sonido,quizás para puristas no sea suficiente, pero para andar por casa cumple mas de sobra  su cometido. Buena calidad de sonido. Buena relación calidad precio Perfecto La soundbar si sente bene ma ATTENZIONE⚠️: non ha porte HDMI come Amazon specifica nella sua descrizione. Spiacevole sorpresa, avevo scelto questo modello proprio per la presenza dell’HDMI che mi avrebbe consentito di utilizzare il telecomando della TV per regolare il volume Scrivo poche recensioni ma la scrivo perché dalle altre recensioni prima di prendere il prodotto ne sono uscito confuso. Il sound bar ha l’uscita è ingresso hdmi, come da foto che allego. Ho la tv United e regolo il volume con il telecomando della tv, basta avere nella tv un uscita hdmi arc, non serve quindi una tv Samsung. Basta smanettare un po’ con la te. Il suono è buono, a basso volume secondo me perde un pochino, ovvero la voce si sente meno ed i bassi fanno un po’ l effetto rimbombo ...per me è un ottimo acquisto dato il prezzo 179€. 4stelle e mezzo per il problema della voce.. ATTENZIONE !!!!!!!!!!!!!!LA Sound Bar  Non è COMPATIBILECon il Sistema BIXY . Pertanto Non è Possibile Controllare il VOLUME Con Un Unico TELECOMANDO in Vocale. Contattato Direttamente il PRODUTTORE ( SAMSUNG) che dopo Verifiche Approfondite ha Espressamente Dichiarato ( Come Da Telefonata Registrata )  Che il Prodotto Non è IDONEO all' uso Di Un UNICO Telecomando . Non Consiglio Nella Maniera più Assoluta Di Acquistare QUESTO articolo . PER regolare il Volume Della TV nonostante sia SAMSUNG dovrete Sempre utilizzare 2 Telecomandi . Il Primo per Tutte le Funzioni TV  Con BiXY e Quello Della Soundbar Per il Volume. Alla Data Odierna Dopo Numerose Telefonate il Software TV è Stato Aggiornato. NON è Ancora Possibile Usufruire Di Bixi ( Vocale ) ma Quantomeno Con il Telecomando Tv Si Regola il Volume MANUALMENTE . Importante Ad Ogni Aggiornamento Software Del TV Samsung ( Consiglio la modalità Automatica) La Soundbar  Si Disconnette e Ovviamente Si Dovrà Procedere Con Nuova Associazione Quindi Con Tutta la Procedura Di Associazione Bluetooth.!! Ringrazio invece AMAZON per la Solita Cortesia , Disponibità e Competenza. Ottima soundbar, audio chiaro e cristallino! si monta facilmente al muro! Con le tv samsung si ha il vantaggio di usare un unico telecomando! Una meraviglia, si abina perfettamente con una TV da40'",4.0
